<xml xmlns="http://www.w3.org/1999/xhtml">
  <variables>
    <variable type="" id="Tg#~wvuQ)`hC7;[X%,1@">x</variable>
    <variable type="" id="Rd5/Z(GVEMsn0$72|i[:">lado</variable>
    <variable type="" id="[=thf/kZQ(FljAD){RHn">alto columna</variable>
    <variable type="" id="UHCo8+jv_~5$1^Ee:%j]">indice</variable>
    <variable type="" id="?V||wHzhIRi#Z8#/K@9]">cantidad columnas</variable>
    <variable type="" id="xJG6yg+^jlw[tes-CcUB">numero columna</variable>
    <variable type="" id="7dA^jYddzJ88Yru|^Mr|">triangulo</variable>
  </variables>
  <block type="procedures_defnoreturn" id="KOiU0IF~P5F`~a`+QGo9" x="-1556" y="-7579">
    <mutation>
      <arg name="x" varid="Tg#~wvuQ)`hC7;[X%,1@"></arg>
    </mutation>
    <field name="NAME">bloque</field>
    <comment pinned="false" h="80" w="160">Describe this function...</comment>
    <statement name="STACK">
      <block type="controls_repeat" id="{-Df@0J0hyRjxD+)7?YK">
        <field name="TIMES">4</field>
        <statement name="DO">
          <block type="draw_shape" id="x=Ct,8F6`NZF!{=FClkF">
            <field name="SHAPE">turtle</field>
            <next>
              <block type="draw_pen" id="*ftFb;Z,2ud(fn5boG-U">
                <field name="PEN">pendown</field>
                <next>
                  <block type="draw_move" id="_[bUMsEJ?O_ee%V%^6EN">
                    <field name="DIR">forward</field>
                    <value name="VALUE">
                      <block type="variables_get" id="o$37a~#JV8(lVeY7+*74">
                        <field name="VAR" id="Tg#~wvuQ)`hC7;[X%,1@" variabletype="">x</field>
                      </block>
                    </value>
                    <next>
                      <block type="draw_turn" id="pP+QAHs9i+[m2qV_g(g[">
                        <field name="DIR">right</field>
                        <value name="VALUE">
                          <block type="math_number" id="Zugwe@YdbOorQ]uiHH#S">
                            <field name="NUM">90</field>
                          </block>
                        </value>
                      </block>
                    </next>
                  </block>
                </next>
              </block>
            </next>
          </block>
        </statement>
      </block>
    </statement>
  </block>
  <block type="procedures_defnoreturn" id="8w9uc$`Xl1KBJ2;}ney]" x="-1265" y="-7566">
    <mutation>
      <arg name="lado" varid="Rd5/Z(GVEMsn0$72|i[:"></arg>
    </mutation>
    <field name="NAME">triangulo</field>
    <comment pinned="false" h="80" w="160">Describe this function...</comment>
    <statement name="STACK">
      <block type="draw_shape" id="Nf`).w.WNwqa+eha;Gw_">
        <field name="SHAPE">turtle</field>
        <next>
          <block type="draw_pen" id="ZJ~HQ)_fe7tox/P4IsPj">
            <field name="PEN">pendown</field>
            <next>
              <block type="draw_move" id=",7=L-;.j|?w5nZO|l3y^">
                <field name="DIR">forward</field>
                <value name="VALUE">
                  <block type="variables_get" id=")kZ@VQsW(6TNpiolN@RU">
                    <field name="VAR" id="Rd5/Z(GVEMsn0$72|i[:" variabletype="">lado</field>
                  </block>
                </value>
                <next>
                  <block type="draw_turn" id="0Wk0Us?WlHO@tS7*{:Nb">
                    <field name="DIR">left</field>
                    <value name="VALUE">
                      <block type="math_number" id="bVEG]TB0rTf/3))yrWGx">
                        <field name="NUM">120</field>
                      </block>
                    </value>
                    <next>
                      <block type="draw_move" id="}n-qCTku.LlmIS36xONV">
                        <field name="DIR">forward</field>
                        <value name="VALUE">
                          <block type="variables_get" id="xo[yN;UeV,.3)RVM8zLX">
                            <field name="VAR" id="Rd5/Z(GVEMsn0$72|i[:" variabletype="">lado</field>
                          </block>
                        </value>
                        <next>
                          <block type="draw_turn" id="lO6qaElU$:%BmT;vhjJ}">
                            <field name="DIR">left</field>
                            <value name="VALUE">
                              <block type="math_number" id="kcuV+gxrGu)_iL!/+~A[">
                                <field name="NUM">120</field>
                              </block>
                            </value>
                            <next>
                              <block type="draw_move" id="7wH8-:1O0mr;Og3rY9n]">
                                <field name="DIR">forward</field>
                                <value name="VALUE">
                                  <block type="variables_get" id=",)Ur_V]dW4m:tIz~d1[k">
                                    <field name="VAR" id="Rd5/Z(GVEMsn0$72|i[:" variabletype="">lado</field>
                                  </block>
                                </value>
                                <next>
                                  <block type="draw_turn" id="G;g{q1y38*3VhR2ja5AV">
                                    <field name="DIR">left</field>
                                    <value name="VALUE">
                                      <block type="math_number" id="Vr`QE_vcg3q:0,vijvqD">
                                        <field name="NUM">120</field>
                                      </block>
                                    </value>
                                  </block>
                                </next>
                              </block>
                            </next>
                          </block>
                        </next>
                      </block>
                    </next>
                  </block>
                </next>
              </block>
            </next>
          </block>
        </next>
      </block>
    </statement>
  </block>
  <block type="procedures_defnoreturn" id="{ZoYVdSchoGI]Dae,Dho" x="-1598" y="-7333">
    <mutation>
      <arg name="alto columna" varid="[=thf/kZQ(FljAD){RHn"></arg>
      <arg name="indice" varid="UHCo8+jv_~5$1^Ee:%j]"></arg>
    </mutation>
    <field name="NAME">columna</field>
    <comment pinned="false" h="80" w="160">Describe this function...</comment>
    <statement name="STACK">
      <block type="procedures_callnoreturn" id="ZDsXMXJLbIKO;5a.G:?^">
        <mutation name="bloque">
          <arg name="x"></arg>
        </mutation>
        <value name="ARG0">
          <block type="variables_get" id="ZiS_.{3y:r]aPt#G%3]D">
            <field name="VAR" id="Tg#~wvuQ)`hC7;[X%,1@" variabletype="">x</field>
          </block>
        </value>
        <next>
          <block type="variables_set" id=",pWy(R*;V+(*A{Eh7u3M">
            <field name="VAR" id="UHCo8+jv_~5$1^Ee:%j]" variabletype="">indice</field>
            <value name="VALUE">
              <block type="math_number" id="~+@udwB!NbaUkwTpS*~+">
                <field name="NUM">1</field>
              </block>
            </value>
            <next>
              <block type="variables_set" id="Tt4S@0-PC@RI2*H(|@7Y">
                <field name="VAR" id="xJG6yg+^jlw[tes-CcUB" variabletype="">numero columna</field>
                <value name="VALUE">
                  <block type="math_number" id="`qz{Hal|DR2~_!-q`OHT">
                    <field name="NUM">5</field>
                  </block>
                </value>
                <next>
                  <block type="controls_repeat_ext" id="-Q5.!F/SsNco}Q$Tg[Vf">
                    <value name="TIMES">
                      <block type="variables_get" id="bFCMbf)O*y0b8Da.?PZ[">
                        <field name="VAR" id="xJG6yg+^jlw[tes-CcUB" variabletype="">numero columna</field>
                      </block>
                    </value>
                    <statement name="DO">
                      <block type="variables_set" id="$dBk5c.3jtz5%0nmd4{_">
                        <field name="VAR" id="[=thf/kZQ(FljAD){RHn" variabletype="">alto columna</field>
                        <value name="VALUE">
                          <block type="text_prompt_ext" id=",F5||%x$.rCf[5WV.},0">
                            <mutation type="TEXT"></mutation>
                            <field name="TYPE">TEXT</field>
                            <value name="TEXT">
                              <block type="text_join" id="R/@y4c5F%7%$dILnEU4+">
                                <mutation items="3"></mutation>
                                <value name="ADD0">
                                  <block type="text" id="*js5{vfuFjAmftNP(8Hz">
                                    <field name="TEXT">ingrese cantidad de bloques de la columna</field>
                                  </block>
                                </value>
                                <value name="ADD1">
                                  <block type="variables_get" id="z!nW0?Z#=}F*,VUFa@wA">
                                    <field name="VAR" id="UHCo8+jv_~5$1^Ee:%j]" variabletype="">indice</field>
                                  </block>
                                </value>
                                <value name="ADD2">
                                  <block type="text" id="B^Uc%WT(0H_W7kzYQx%u">
                                    <field name="TEXT">:</field>
                                  </block>
                                </value>
                              </block>
                            </value>
                          </block>
                        </value>
                        <next>
                          <block type="variables_set" id="uSdc`dlO+{}iG_cEjPoK">
                            <field name="VAR" id="UHCo8+jv_~5$1^Ee:%j]" variabletype="">indice</field>
                            <value name="VALUE">
                              <block type="math_arithmetic" id="Rt2kCY,t,b4o{T=)Lb81">
                                <field name="OP">ADD</field>
                                <value name="A">
                                  <block type="variables_get" id="7{~W_.^U)k2VT7O}#,lF">
                                    <field name="VAR" id="UHCo8+jv_~5$1^Ee:%j]" variabletype="">indice</field>
                                  </block>
                                </value>
                                <value name="B">
                                  <block type="math_number" id="F]j:30:5NtK[R.6kVQiq">
                                    <field name="NUM">1</field>
                                  </block>
                                </value>
                              </block>
                            </value>
                          </block>
                        </next>
                      </block>
                    </statement>
                  </block>
                </next>
              </block>
            </next>
          </block>
        </next>
      </block>
    </statement>
  </block>
  <block type="draw_speed" id="7JNF*ANy=jz;+{1Pi0XO" x="-1572" y="-7007">
    <value name="VALUE">
      <block type="math_number" id="6?TNwcW^=Y2~L~2BSIlQ">
        <field name="NUM">30</field>
      </block>
    </value>
    <next>
      <block type="variables_set" id="]iYMv)[g[keuxbN:3Qx#">
        <field name="VAR" id="?V||wHzhIRi#Z8#/K@9]" variabletype="">cantidad columnas</field>
        <value name="VALUE">
          <block type="text_prompt" id=")L*FT5zIbz@}Ch)nAj?A">
            <mutation type="NUMBER"></mutation>
            <field name="TYPE">NUMBER</field>
            <field name="TEXT">cuantas columnas quiere construir?</field>
          </block>
        </value>
        <next>
          <block type="variables_set" id="g{X($J%t0NHKuMx)uIw1">
            <field name="VAR" id="Tg#~wvuQ)`hC7;[X%,1@" variabletype="">x</field>
            <value name="VALUE">
              <block type="text_prompt" id="J74?]orw5a;d^19fVG,D">
                <mutation type="NUMBER"></mutation>
                <field name="TYPE">NUMBER</field>
                <field name="TEXT">ingrese tamaño del bloque </field>
              </block>
            </value>
            <next>
              <block type="variables_set" id="(@Ft-8{4`:%yp36%cMs8">
                <field name="VAR" id="7dA^jYddzJ88Yru|^Mr|" variabletype="">triangulo</field>
                <value name="VALUE">
                  <block type="text_prompt" id="5@}1aj.@s~u?*^8ZWF;6">
                    <mutation type="NUMBER"></mutation>
                    <field name="TYPE">NUMBER</field>
                    <field name="TEXT">introduce 1 para dibujar </field>
                  </block>
                </value>
                <next>
                  <block type="controls_if" id="vKfOj;X=(wTl{o3W9,W#">
                    <value name="IF0">
                      <block type="logic_compare" id="JpW$8CiQL?RSSA.Ie+L0">
                        <field name="OP">EQ</field>
                        <value name="A">
                          <block type="variables_get" id="WPF4H+y(oMJQv6wV+yvr">
                            <field name="VAR" id="7dA^jYddzJ88Yru|^Mr|" variabletype="">triangulo</field>
                          </block>
                        </value>
                        <value name="B">
                          <block type="math_number" id="pEtIibIq:#hE!Z,MZ6Zf">
                            <field name="NUM">1</field>
                          </block>
                        </value>
                      </block>
                    </value>
                    <statement name="DO0">
                      <block type="draw_pen" id="k+[+xrDTkNTmV*xzz^)w">
                        <field name="PEN">pendown</field>
                        <next>
                          <block type="procedures_callnoreturn" id="{3-V,bK.cUP*3fK*q`,}">
                            <mutation name="triangulo">
                              <arg name="lado"></arg>
                            </mutation>
                            <value name="ARG0">
                              <block type="variables_get" id="ry,tXEiLu8h]`9Ujy`W/">
                                <field name="VAR" id="Tg#~wvuQ)`hC7;[X%,1@" variabletype="">x</field>
                              </block>
                            </value>
                            <next>
                              <block type="draw_pen" id="_djVc2NJ/t;R,C7_MIRb">
                                <field name="PEN">penup</field>
                              </block>
                            </next>
                          </block>
                        </next>
                      </block>
                    </statement>
                    <next>
                      <block type="procedures_callnoreturn" id="@P{zsI$j1nee#]k@t{a`">
                        <mutation name="columna">
                          <arg name="alto columna"></arg>
                          <arg name="indice"></arg>
                        </mutation>
                        <value name="ARG0">
                          <block type="variables_get" id="Z]5T.fnKwEgZ;ebVfpn*">
                            <field name="VAR" id="Tg#~wvuQ)`hC7;[X%,1@" variabletype="">x</field>
                          </block>
                        </value>
                        <value name="ARG1">
                          <block type="math_number" id="XffIGe1=kv[!(Nj$99[D">
                            <field name="NUM">1</field>
                          </block>
                        </value>
                        <next>
                          <block type="draw_turn" id="PdRe!~m8S*O%3hYy{FuP">
                            <field name="DIR">left</field>
                            <value name="VALUE">
                              <block type="math_number" id="=R/?3CB7K.^QkfT=j|IX">
                                <field name="NUM">90</field>
                              </block>
                            </value>
                            <next>
                              <block type="draw_move" id="A*HI!8]r@xKj:Y(g,]~b">
                                <field name="DIR">forward</field>
                                <value name="VALUE">
                                  <block type="math_number" id="n;C3l$^:=)J{q!fUNDqY">
                                    <field name="NUM">50</field>
                                  </block>
                                </value>
                                <next>
                                  <block type="draw_turn" id="n;#K;i2aF3[zDDcB}-sd">
                                    <field name="DIR">right</field>
                                    <value name="VALUE">
                                      <block type="math_number" id=";cXmdW#iUr7Z(c}7CiJ9">
                                        <field name="NUM">90</field>
                                      </block>
                                    </value>
                                    <next>
                                      <block type="controls_repeat" id="w5..utp84HO0F?*S%asP">
                                        <field name="TIMES">10</field>
                                        <statement name="DO">
                                          <block type="procedures_callnoreturn" id="^hao+BKf$QVjF4VnQFqJ">
                                            <mutation name="bloque">
                                              <arg name="x"></arg>
                                            </mutation>
                                            <value name="ARG0">
                                              <block type="variables_get" id="V|malJyKb0/wBPVu=*n(">
                                                <field name="VAR" id="Tg#~wvuQ)`hC7;[X%,1@" variabletype="">x</field>
                                              </block>
                                            </value>
                                            <next>
                                              <block type="draw_turn" id=",)^U`CKG|]xfqiBb4Q}z">
                                                <field name="DIR">left</field>
                                                <value name="VALUE">
                                                  <block type="math_number" id="iJ75S)0*C`[%o_$,lD}o">
                                                    <field name="NUM">90</field>
                                                  </block>
                                                </value>
                                                <next>
                                                  <block type="draw_move" id="q]8f7Xt-0S7Fr_VGGIf/">
                                                    <field name="DIR">forward</field>
                                                    <value name="VALUE">
                                                      <block type="math_number" id="2`I6-bh|Y3F~zOnSKRhX">
                                                        <field name="NUM">50</field>
                                                      </block>
                                                    </value>
                                                    <next>
                                                      <block type="draw_turn" id="^c#ofkPz4.4/c^?L9!6(">
                                                        <field name="DIR">right</field>
                                                        <value name="VALUE">
                                                          <block type="math_number" id="-r$cWk[{T7gtv:SL]PCl">
                                                            <field name="NUM">90</field>
                                                          </block>
                                                        </value>
                                                        <next>
                                                          <block type="procedures_callnoreturn" id="/Y7desga@,*-yT4~51:F">
                                                            <mutation name="bloque">
                                                              <arg name="x"></arg>
                                                            </mutation>
                                                            <value name="ARG0">
                                                              <block type="variables_get" id="YID;Dty@t``ehAlaB}+(">
                                                                <field name="VAR" id="Tg#~wvuQ)`hC7;[X%,1@" variabletype="">x</field>
                                                              </block>
                                                            </value>
                                                          </block>
                                                        </next>
                                                      </block>
                                                    </next>
                                                  </block>
                                                </next>
                                              </block>
                                            </next>
                                          </block>
                                        </statement>
                                      </block>
                                    </next>
                                  </block>
                                </next>
                              </block>
                            </next>
                          </block>
                        </next>
                      </block>
                    </next>
                  </block>
                </next>
              </block>
            </next>
          </block>
        </next>
      </block>
    </next>
  </block>
</xml>